class,decay_time,rise_time,peak_flux,peak_time,start_time,end_time
A,3603.0,741.0,94.3564224243164,7406,6665.0,11009.0
Subclass,378.0,430.0,44.81324005126953,23535,23105.0,23913.0
A,2139.0,417.0,116.46862030029297,27202,26785.0,29341.0
Subclass,2264.0,2011.0,56.717105865478516,59032,57038.0,61313.0
