class,decay_time,rise_time,peak_flux,peak_time,start_time,end_time
B,2423.0,568.0,1392.655517578125,19046,19871.0,22862.0
B,8981.0,2807.0,3162.04833984375,22312,20898.0,32686.0
