class,decay_time,rise_time,peak_flux,peak_time,start_time,end_time
A,3567.0,724.0,94.3564224243164,7406,9790,14081
A,360.0,412.0,44.81324005126953,23535,9948,10720
A,2062.0,412.0,116.46862030029297,27202,9937,12411
A,1978.0,713.0,56.717105865478516,59032,9921,12612
