class,decay_time,rise_time,peak_flux,peak_time,start_time,end_time
A,3567.0,724.0,94.3564224243164,102564206.95741406,102563482.95741406,102567773.95741406
A,360.0,412.0,44.81324005126953,102580335.95741406,102579923.95741406,102580695.95741406
A,2062.0,412.0,116.46862030029297,102584002.95741406,102583590.95741406,102586064.95741406
A,1978.0,713.0,56.717105865478516,102615849.95741406,102615136.95741406,102617827.95741406
